{
  "state": {
    "isStdOutTTY": true,
    "isStdErrTTY": true,
    "testRunDurationMs": 330492.5135
  },
  "metrics": {
    "errors": {
      "values": {
        "rate": 0.9952088922958988,
        "passes": 15579,
        "fails": 75
      },
      "thresholds": {
        "rate<0.10": {
          "ok": false
        }
      },
      "type": "rate",
      "contains": "default"
    },
    "login_duration": {
      "contains": "default",
      "values": {
        "med": 1502,
        "max": 60354,
        "p(90)": 5415.200000000001,
        "p(95)": 6898.199999999997,
        "avg": 2688.225407421952,
        "min": 476
      },
      "thresholds": {
        "p(95)<5000": {
          "ok": false
        }
      },
      "type": "trend"
    },
    "http_req_waiting": {
      "type": "trend",
      "contains": "time",
      "values": {
        "min": 269.7631,
        "med": 1507.3144499999999,
        "max": 59987.0947,
        "p(90)": 5902.417450000001,
        "p(95)": 7211.806164999998,
        "avg": 3053.005860012017
      }
    },
    "http_req_sending": {
      "type": "trend",
      "contains": "time",
      "values": {
        "p(95)": 0.9963,
        "avg": 0.27866933854479975,
        "min": 0,
        "med": 0,
        "max": 57.8846,
        "p(90)": 0.5724100000000001
      }
    },
    "http_req_connecting": {
      "values": {
        "p(90)": 0,
        "p(95)": 0,
        "avg": 0.2563607877330126,
        "min": 0,
        "med": 0,
        "max": 92.4532
      },
      "type": "trend",
      "contains": "time"
    },
    "dropped_iterations": {
      "type": "counter",
      "contains": "default",
      "values": {
        "count": 2,
        "rate": 0.006051574296856198
      }
    },
    "http_req_duration{expected_response:true}": {
      "type": "trend",
      "contains": "time",
      "values": {
        "med": 4995.903200000001,
        "max": 44931.6078,
        "p(90)": 8291.42471,
        "p(95)": 31357.140724999997,
        "avg": 6171.230425900006,
        "min": 562.3205
      }
    },
    "iteration_duration": {
      "values": {
        "min": 476.4805,
        "med": 1505.7489,
        "max": 109714.4121,
        "p(90)": 5999.274680000001,
        "p(95)": 7707.550959999999,
        "avg": 3349.812621890405
      },
      "type": "trend",
      "contains": "time"
    },
    "http_req_failed": {
      "thresholds": {
        "rate<0.10": {
          "ok": false
        }
      },
      "type": "rate",
      "contains": "default",
      "values": {
        "fails": 1000,
        "rate": 0.9398677089597114,
        "passes": 15630
      }
    },
    "http_req_receiving": {
      "type": "trend",
      "contains": "time",
      "values": {
        "max": 206.1625,
        "p(90)": 1.0939100000000002,
        "p(95)": 1.6602199999999998,
        "avg": 0.6453681118460624,
        "min": 0,
        "med": 0
      }
    },
    "checks": {
      "type": "rate",
      "contains": "default",
      "values": {
        "rate": 0.06232972089362475,
        "passes": 2059,
        "fails": 30975
      }
    },
    "http_req_failed{name:smoke_test}": {
      "type": "rate",
      "contains": "default",
      "values": {
        "rate": 1,
        "passes": 1,
        "fails": 0
      },
      "thresholds": {
        "rate<1.0": {
          "ok": false
        }
      }
    },
    "http_req_blocked": {
      "type": "trend",
      "contains": "time",
      "values": {
        "avg": 1.896495658448586,
        "min": 0,
        "med": 0,
        "max": 384.9064,
        "p(90)": 0,
        "p(95)": 0
      }
    },
    "data_received": {
      "type": "counter",
      "contains": "data",
      "values": {
        "count": 5309961,
        "rate": 16066.811752454418
      }
    },
    "http_req_duration{name:smoke_test}": {
      "type": "trend",
      "contains": "time",
      "values": {
        "avg": 59745.3378,
        "min": 59745.3378,
        "med": 59745.3378,
        "max": 59745.3378,
        "p(90)": 59745.3378,
        "p(95)": 59745.3378
      },
      "thresholds": {
        "p(95)<30000": {
          "ok": false
        }
      }
    },
    "iterations": {
      "type": "counter",
      "contains": "default",
      "values": {
        "count": 15605,
        "rate": 47.217408451220486
      }
    },
    "vus": {
      "type": "gauge",
      "contains": "default",
      "values": {
        "min": 3,
        "max": 249,
        "value": 3
      }
    },
    "api_response_time": {
      "type": "trend",
      "contains": "default",
      "values": {
        "avg": 7189.403703703703,
        "min": 270,
        "med": 4793,
        "max": 60345,
        "p(90)": 8113.900000000013,
        "p(95)": 39034.09999999999
      },
      "thresholds": {
        "p(95)<10000": {
          "ok": false
        }
      }
    },
    "http_reqs": {
      "values": {
        "count": 16630,
        "rate": 50.31884027835929
      },
      "type": "counter",
      "contains": "default"
    },
    "vus_max": {
      "type": "gauge",
      "contains": "default",
      "values": {
        "value": 250,
        "min": 250,
        "max": 250
      }
    },
    "http_req_tls_handshaking": {
      "values": {
        "avg": 1.5948839326518338,
        "min": 0,
        "med": 0,
        "max": 356.6167,
        "p(90)": 0,
        "p(95)": 0
      },
      "type": "trend",
      "contains": "time"
    },
    "http_req_duration": {
      "type": "trend",
      "contains": "time",
      "values": {
        "avg": 3053.9298974624126,
        "min": 269.888,
        "med": 1507.8539,
        "max": 59987.6199,
        "p(90)": 5903.86466,
        "p(95)": 7212.237529999998
      },
      "thresholds": {
        "p(95)<10000": {
          "ok": true
        }
      }
    },
    "data_sent": {
      "values": {
        "count": 3735395,
        "rate": 11302.510185302579
      },
      "type": "counter",
      "contains": "data"
    }
  },
  "root_group": {
    "name": "",
    "path": "",
    "id": "d41d8cd98f00b204e9800998ecf8427e",
    "groups": [],
    "checks": [
        {
          "name": "login status is 200 or 201",
          "path": "::login status is 200 or 201",
          "id": "7b08475a7048d305150979bcdd2ee45b",
          "passes": 75,
          "fails": 15204
        },
        {
          "name": "login response has user or requires2FA",
          "path": "::login response has user or requires2FA",
          "id": "0f22e19b057b1f24ade84023e3b25659",
          "passes": 75,
          "fails": 15204
        },
        {
          "id": "0ae6994a45a6718645588f04da22b38e",
          "passes": 275,
          "fails": 50,
          "name": "events status is 200 or 404",
          "path": "::events status is 200 or 404"
        },
        {
          "name": "events server responded",
          "path": "::events server responded",
          "id": "2a7fbb713aa441dd9221f24e303e4e6b",
          "passes": 275,
          "fails": 50
        },
        {
          "name": "server responded (any status)",
          "path": "::server responded (any status)",
          "id": "d007b529214c2bafddcf6d6840617b3f",
          "passes": 0,
          "fails": 1
        },
        {
          "fails": 0,
          "name": "announcements status is 200 or 404",
          "path": "::announcements status is 200 or 404",
          "id": "e58954d9227e242b30806b178a874667",
          "passes": 325
        },
        {
          "fails": 0,
          "name": "announcements server responded",
          "path": "::announcements server responded",
          "id": "3be1f107e0ecb3413763b0f96083cb34",
          "passes": 325
        },
        {
          "id": "e13fa4950a8b89e6374139d41d4bfdc6",
          "passes": 325,
          "fails": 0,
          "name": "count status is 200 or 404",
          "path": "::count status is 200 or 404"
        },
        {
          "id": "30aea564177c52653bdedef2ab430db1",
          "passes": 325,
          "fails": 0,